﻿<lyrics xmlns="LyriX/2011/package/lyrics.xsd">
  <version duration="PT04M08.476S" language="zh-hans-cn">
    <track aids="0" type="primary">
      <line id="2">
        <span begin="PT1M1.3S" duration="PT2.5S">
          <segment>何时微笑变成</segment>
        </span>
        <span begin="PT1M4S" duration="PT3S">
          <segment latinized="yi">一</segment>
          <segment latinized="zhong">种</segment>
          <segment latinized="she">奢</segment>
          <segment latinized="qiu">求</segment>
        </span>
      </line>
      <line id="3">
        <span begin="PT1M8.9S" duration="PT1.9S">
          <segment>就</segment>
          <segment>算</segment>
          <segment>时</segment>
          <segment>间</segment>
          <segment>倒</segment>
          <segment>流</segment>
        </span>
        <span begin="PT1M11S" duration="PT3S">
          <segment>也无法挽留</segment>
        </span>
        <span duration="PT0.5S">
          <segment>……</segment>
        </span>
      </line>
      <line id="0">
        <span begin="PT46S" duration="PT2.4S">
          <segment latinized="shou" alphabetic="SHOU">手</segment>
          <segment latinized="xin" alphabetic="XIN">心</segment>
          <segment latinized="reng">仍</segment>
          <segment latinized="you">有</segment>
          <segment latinized="yi">一</segment>
          <segment latinized="si">丝</segment>
        </span>
        <span begin="PT48.75S" duration="PT3.05S">
          <segment>温柔残留</segment>
        </span>
        <span duration="PT0S">
          <segment>。</segment>
        </span>
      </line>
      <line id="1">
        <span begin="PT54S" duration="PT2S">
          <segment latinized="gu">孤</segment>
          <segment latinized="du">独</segment>
          <segment latinized="de">的</segment>
          <segment latinized="ye">夜</segment>
          <segment latinized="shi">是</segment>
          <segment latinized="shui">谁</segment>
        </span>
        <span begin="PT56.25S" duration="PT2.75S">
          <segment>让</segment>
          <segment>我</segment>
          <segment>等</segment>
          <segment>候</segment>
        </span>
        <span duration="PT0S">
          <segment>？</segment>
        </span>
      </line>
      <line id="4">
        <span begin="PT1M14.95S" duration="PT0.57S">
          <segment>那</segment>
          <segment>些</segment>
        </span>
        <span duration="PT1.98S">
          <segment>因</segment>
          <segment>为</segment>
          <segment>年</segment>
          <segment>轻</segment>
        </span>
        <span duration="PT1.5S">
          <segment>犯的错</segment>
        </span>
      </line>
      <line id="5">
        <span begin="PT1M19S" duration="PT3.75S">
          <segment>就像秋天的落叶早已经随风而过</segment>
        </span>
      </line>
      <line id="6">
        <span duration="PT1.55S">
          <segment>但有些话</segment>
        </span>
        <span begin="PT1M24.3S" duration="PT1.9S">
          <segment>我始终</segment>
        </span>
        <span id="3" begin="PT1M26.5S" duration="PT0.5S">
          <segment>不能</segment>
        </span>
        <span duration="PT2.55S">
          <segment>说</segment>
        </span>
      </line>
      <line id="7">
        <span id="5" begin="PT1M30S" duration="PT4.15S">
          <segment>如果我们依然在一起</segment>
        </span>
      </line>
      <line>
        <span begin="PT1M34.15S">
          <segment>错过的甜蜜是否还能继续</segment>
        </span>
      </line>
    </track>
  </version>
</lyrics>