﻿<?xml version="1.0" encoding="utf-8"?>
<musicInfo xmlns="LyriX/2011/package/musicInfo.xsd">
  <artists>
    <artistGroup id="2" aids="0 1" jobs="others">Grp</artistGroup>
    <artist id="0" sex="male" jobs="lyricsComposition lyricsPerformance" characterName="Mah">马天宇</artist>
    <artist id="1" jobs="tuneComposition">堂本光一</artist>
  </artists>
  <releaseYear>0090</releaseYear>
  <track>5</track>
  <genres>
    <genre>Blues</genre>
    <genre>Classic Rock</genre>
    <genre>R&amp;B</genre>
    <genre>gen_aaaa</genre>
  </genres>
  <album>依然在一起</album>
  <title>依然在一起</title>
</musicInfo>