﻿<?xml version="1.0" encoding="utf-8"?>
<localizedLyrics xmlns="LyriX/2011/package/localizedLyrics.xsd">
    <lines>
    <line lid="0">穏やかなヤシの残基のトレースが残っています</line>
    <line lid="1">誰が私がと待っている孤独な夜です。</line>
    <line lid="2">笑顔は、贅沢に変わったときに</line>
    <line lid="3">戻ったとしても、時間にして保持することはできません</line>
    <line lid="4">若いのでミスをした人</line>
    <line lid="5">秋の紅葉と風のように既にあった</line>
    <line lid="6">しかし私はまだ言うことはできないがいくつかあります</line>
    <line lid="7">我々はまだ一緒にいる場合</line>
    <line lid="8">それでも甘いミス続けることができる</line>
    </lines>
</localizedLyrics>