﻿<?xml version="1.0" encoding="utf-8"?>
<localizedLyrics xmlns="LyriX/2011/package/localizedLyrics.xsd">
    <lines>
      <line lid="0">手心仍有一絲溫柔殘留</line>
      <line lid="1">孤獨的夜是誰讓我等候</line>
      <line lid="2">何時微笑變成一種奢求</line>
      <line lid="3">就算時間倒流也無法挽留</line>
      <line lid="4">那些因為年輕犯的錯</line>
      <line lid="5">就像秋天的落葉早已經隨風而過</line>
      <line lid="6">但有些話我始終不能說</line>
      <line lid="7">如果我們依然在一起</line>
      <line lid="8">錯過的甜蜜是否還能繼續</line>
    </lines>
</localizedLyrics>